{"cameraMode":{"drawMode":0,"name":"Shaded","section":"Shading Mode"},"sceneLighting":true,"audioPlay":false,"sceneViewState":{"m_AlwaysRefresh":false,"showFog":true,"showSkybox":true,"showFlares":true,"showImageEffects":true,"showParticleSystems":true,"showVisualEffectGraphs":true,"m_FxEnabled":true},"in2DMode":false,"pivot":{"x":0.8264201879501343,"y":0.6604150533676148,"z":-0.1458660215139389},"rotation":{"x":-0.16587035357952119,"y":0.8175466656684876,"z":-0.2885616421699524,"w":-0.4699425995349884},"size":1.9059932231903077,"orthographic":false}