{"cameraMode":{"drawMode":0,"name":"Shaded","section":"Shading Mode"},"sceneLighting":true,"audioPlay":false,"sceneViewState":{"m_AlwaysRefresh":false,"showFog":true,"showSkybox":true,"showFlares":true,"showImageEffects":true,"showParticleSystems":true,"showVisualEffectGraphs":true,"m_FxEnabled":true},"in2DMode":false,"pivot":{"x":0.8547254800796509,"y":1.2504420280456544,"z":0.6122064590454102},"rotation":{"x":-0.14529326558113099,"y":0.00207496783696115,"z":-0.00030468625482171774,"w":-0.9893868565559387},"size":13.232444763183594,"orthographic":false}