{"cameraMode":{"drawMode":0,"name":"Shaded","section":"Shading Mode"},"sceneLighting":false,"audioPlay":false,"sceneViewState":{"m_AlwaysRefresh":false,"showFog":true,"showSkybox":false,"showFlares":true,"showImageEffects":true,"showParticleSystems":true,"showVisualEffectGraphs":true,"m_FxEnabled":true},"in2DMode":false,"pivot":{"x":0.0004927515983581543,"y":0.8883637189865112,"z":0.025379031896591188},"rotation":{"x":-0.16587035357952119,"y":0.8175466656684876,"z":-0.2885616421699524,"w":-0.4699425995349884},"size":1.2082263231277466,"orthographic":false}